<?xml version="1.0" encoding="UTF-8" ?>
<workload name="ecs-sample" description="sample benchmark for EMC ECS">

  <storage type="ecs" config="accesskey=<accesskey>;secretkey=<secretkey>;endpoint=<endpoint>;timeout=<timeout>;read_timeout=<read_timeout>;namespace=<namespace>;path_style_access=false;http_client=<java/apache>;use_smart_client=true" />

  <workflow>

    <workstage name="init">
      <work type="init" workers="1" config="cprefix=s3testqwer;containers=r(1,2)" />
    </workstage>

    <workstage name="prepare">
      <work type="prepare" workers="1" config="cprefix=s3testqwer;containers=r(1,2);objects=r(1,10);sizes=c(64)KB" />
    </workstage>

    <workstage name="main">
      <work name="main" workers="8" runtime="30">
        <operation type="read" ratio="80" config="cprefix=s3testqwer;containers=u(1,2);objects=u(1,10)" />
        <operation type="write" ratio="20" config="cprefix=s3testqwer;containers=u(1,2);objects=u(11,20);sizes=c(64)KB" />
      </work>
    </workstage>

    <workstage name="cleanup">
      <work type="cleanup" workers="1" config="cprefix=s3testqwer;containers=r(1,2);objects=r(1,20)" />
    </workstage>

    <workstage name="dispose">
      <work type="dispose" workers="1" config="cprefix=s3testqwer;containers=r(1,2)" />
    </workstage>

  </workflow>

</workload>
